regime,bucket,trade_count,avg_realized_excess_return,realized_win_rate,stop_hit_rate,target_1_hit_rate,target_2_hit_rate,time_exit_rate
spy_above_50dma,False,346,-0.00037227929586580884,0.4277456647398844,0.5722543352601156,0.24566473988439305,0.0,0.18208092485549132
spy_above_50dma,True,2109,0.0007555931426900299,0.35704125177809387,0.6363205310573732,0.28686581318160265,0.012802275960170697,0.06401137980085349
spy_above_200dma,False,150,-0.033617073921205186,0.22,0.78,0.22,0.0,0.0
spy_above_200dma,True,2305,0.0028231229456592106,0.37657266811279827,0.617353579175705,0.28503253796095446,0.011713665943600867,0.0859002169197397
