regime,bucket,trade_count,avg_realized_excess_return,realized_win_rate,stop_hit_rate,target_1_hit_rate,target_2_hit_rate,time_exit_rate
spy_above_50dma,False,2149,0.00569220458425436,0.4001861330851559,0.5812005583992554,0.31223825034899955,0.0,0.106561191251745
spy_above_50dma,True,9728,0.015873017085804186,0.44438733552631576,0.546155427631579,0.35516036184210525,0.023129111842105265,0.07555509868421052
spy_above_200dma,False,959,0.016569032816590768,0.5119916579770595,0.4880083420229406,0.4191866527632951,0.0,0.09280500521376434
spy_above_200dma,True,10918,0.01380798272496384,0.42974903828540023,0.5581608353178238,0.3410881113757098,0.02060816999450449,0.0801428833119619
